{"stats":{"minecraft:killed":{"minecraft:cave_spider":2,"minecraft:witch":5,"minecraft:spider":54,"minecraft:skeleton":99,"minecraft:chicken":2,"minecraft:magma_cube":30,"minecraft:pig":14,"minecraft:zombie_villager":3,"minecraft:salmon":5,"minecraft:creeper":83,"minecraft:sheep":14,"minecraft:pillager":207,"minecraft:zombie":176,"minecraft:glow_squid":2,"minecraft:cow":23,"minecraft:evoker":1,"minecraft:vindicator":3,"minecraft:drowned":2,"minecraft:husk":19,"minecraft:bat":1,"minecraft:ravager":1,"minecraft:squid":9},"minecraft:killed_by":{"minecraft:creeper":7,"minecraft:pillager":4,"minecraft:zombie":6,"minecraft:vex":1,"minecraft:player":4,"minecraft:spider":2,"minecraft:enderman":1,"minecraft:skeleton":2},"minecraft:used":{"minecraft:beetroot":2,"minecraft:cherry_sapling":26,"minecraft:polished_deepslate":87,"minecraft:ladder":5,"minecraft:poppy":1,"minecraft:chest":22,"minecraft:bell":1,"minecraft:rotten_flesh":67,"minecraft:jungle_planks":90,"minecraft:carrot":63,"minecraft:tuff":1,"minecraft:milk_bucket":8,"minecraft:glass":33,"minecraft:lantern":20,"minecraft:birch_sapling":3,"minecraft:dark_oak_slab":85,"magistuarmory:diamond_katzbalger":12,"magistuarmory:ceremonialarmet":1,"minecraft:scaffolding":222,"minecraft:hay_block":2,"minecraft:oak_sapling":2,"minecraft:furnace":2,"minecraft:egg":1,"minecraft:potato":161,"minecraft:dark_oak_sapling":46,"minecraft:dark_oak_stairs":122,"epicfight:skillbook":15,"minecraft:diorite":6,"minecraft:oak_planks":95,"minecraft:stone_pickaxe":1181,"minecraft:dark_oak_sign":6,"minecraft:leather_chestplate":1,"minecraft:wooden_pickaxe":6,"minecraft:oak_leaves":95,"minecraft:sand":6,"magistuarmory:ceremonial_chestplate":1,"magistuarmory:knight_leggings":1,"minecraft:crossbow":2,"minecraft:stone_brick_wall":2,"minecraft:black_bed":1,"magistuarmory:longbow":85,"minecraft:shears":195,"minecraft:deepslate_brick_stairs":3,"epicfight:iron_tachi":503,"minecraft:birch_slab":14,"minecraft:bread":2,"minecraft:gravel":37,"epicfight:diamond_dagger":25,"minecraft:dark_oak_fence":13,"minecraft:andesite":12,"minecraft:bone_meal":30,"minecraft:oak_fence":26,"minecraft:experience_bottle":2,"minecraft:oak_trapdoor":22,"minecraft:rose_bush":17,"minecraft:armor_stand":2,"minecraft:stone_shovel":75,"minecraft:stone_hoe":33,"minecraft:cooked_chicken":1,"minecraft:oak_door":3,"minecraft:torch":95,"minecraft:dirt":845,"minecraft:white_carpet":14,"minecraft:pink_carpet":3,"minecraft:dark_oak_planks":448,"minecraft:stone_brick_slab":12,"minecraft:iron_axe":362,"minecraft:oak_stairs":145,"minecraft:cherry_slab":34,"minecraft:cherry_trapdoor":4,"epicfight:glove":54,"epicfight:diamond_tachi":1024,"minecraft:barrel":11,"epicfight:stone_greatsword":2,"minecraft:bamboo":1,"minecraft:cooked_beef":1,"minecraft:cobbled_deepslate":47,"minecraft:orange_terracotta":1,"minecraft:wheat_seeds":503,"minecraft:cooked_mutton":10,"magistuarmory:steel_estoc":5,"magistuarmory:iron_katzbalger":249,"minecraft:birch_planks":403,"minecraft:lead":2,"minecraft:baked_potato":255,"magistuarmory:ceremonial_boots":1,"minecraft:deepslate_bricks":43,"minecraft:crafting_table":9,"magistuarmory:stone_claymore":80,"minecraft:oak_slab":56,"minecraft:red_bed":4,"minecraft:white_bed":6,"minecraft:smoker":1,"minecraft:oak_log":63,"minecraft:flower_pot":14,"minecraft:iron_pickaxe":1490,"minecraft:suspicious_stew":2,"magistuarmory:kastenbrust_chestplate":1,"minecraft:stone_axe":1045,"minecraft:cobblestone":106,"minecraft:white_banner":3,"minecraft:porkchop":6,"minecraft:jungle_door":2,"minecraft:glass_pane":65,"minecraft:pumpkin_pie":9,"minecraft:dandelion":3,"epicfight:uchigatana":59,"minecraft:birch_stairs":25},"minecraft:dropped":{"minecraft:porkchop":1,"magistuarmory:steel_estoc":1,"minecraft:diamond":49,"minecraft:dark_oak_slab":2,"minecraft:crossbow":1,"magistuarmory:steel_target":2,"minecraft:leather":5,"minecraft:saddle":2,"magistuarmory:kastenbrust_leggings":1,"minecraft:birch_slab":1,"minecraft:emerald":1,"magistuarmory:longbow":1,"minecraft:dirt":10,"minecraft:mutton":10,"magistuarmory:kastenbrust_chestplate":1,"minecraft:coast_armor_trim_smithing_template":2,"minecraft:jungle_sapling":1,"minecraft:wooden_sword":1,"minecraft:pumpkin_pie":10,"minecraft:bone_meal":4,"minecraft:dark_oak_planks":284,"magistuarmory:steel_plate":1,"minecraft:white_wool":1,"minecraft:gravel":15,"minecraft:stone_axe":1,"magistuarmory:small_steel_plate":5,"magistuarmory:steel_ring":5,"minecraft:wheat":1,"minecraft:rotten_flesh":149,"minecraft:oak_planks":80,"minecraft:white_bed":2,"minecraft:azure_bluet":3,"minecraft:carrot":21,"magistuarmory:kastenbrust_boots":1,"minecraft:gunpowder":1,"magistuarmory:knight_chestplate":1,"minecraft:beetroot_seeds":7,"minecraft:jungle_log":12,"minecraft:arrow":1,"minecraft:beef":29,"minecraft:iron_ingot":102,"minecraft:wheat_seeds":85,"minecraft:poisonous_potato":4,"minecraft:cobblestone":3,"minecraft:apple":1,"minecraft:granite":12,"minecraft:stick":8,"minecraft:oxeye_daisy":2,"minecraft:gray_wool":1,"magistuarmory:steel_ingot":22,"minecraft:dead_bush":2,"epicfight:stone_greatsword":1,"minecraft:white_banner":1,"minecraft:string":4,"minecraft:chiseled_sandstone":2,"minecraft:dandelion":6,"minecraft:stone_sword":1,"magistuarmory:face_helmet":1,"minecraft:raw_iron":455,"minecraft:white_carpet":1,"magistuarmory:steel_nugget":25,"minecraft:suspicious_stew":1,"minecraft:flower_pot":1,"minecraft:oak_boat":1,"minecraft:oak_sapling":3,"minecraft:spider_eye":3,"minecraft:stone_pickaxe":1,"minecraft:wooden_pickaxe":1,"epicfight:skillbook":5},"minecraft:picked_up":{"minecraft:music_disc_strad":1,"minecraft:wheat":189,"minecraft:chainmail_boots":1,"minecraft:flower_pot":27,"minecraft:suspicious_stew":5,"minecraft:lead":22,"minecraft:smithing_table":1,"minecraft:oak_stairs":79,"minecraft:amethyst_block":1,"minecraft:polished_deepslate":227,"minecraft:string":133,"minecraft:raw_copper":128,"minecraft:smooth_stone_slab":8,"magistuarmory:iron_katzbalger":5,"minecraft:armor_stand":2,"minecraft:experience_bottle":4,"minecraft:oak_sign":4,"minecraft:beetroot":6,"minecraft:sea_pickle":2,"minecraft:cobbled_deepslate":778,"minecraft:rose_bush":76,"minecraft:iron_pickaxe":20,"minecraft:melon_slice":17,"minecraft:furnace":1,"minecraft:golden_helmet":2,"minecraft:stick":125,"minecraft:oak_fence":26,"minecraft:torch":89,"minecraft:pink_carpet":3,"epicfight:skillbook":28,"minecraft:porkchop":48,"minecraft:cherry_log":28,"minecraft:diorite":27,"minecraft:stone_sword":4,"minecraft:cactus":11,"minecraft:rotten_flesh":1125,"epicfight:glove":1,"minecraft:deepslate_brick_stairs":1,"minecraft:cobblestone":1410,"minecraft:birch_log":108,"minecraft:leather_chestplate":1,"minecraft:feather":1,"minecraft:cooked_beef":18,"minecraft:jungle_log":39,"minecraft:birch_slab":7,"minecraft:andesite":68,"minecraft:brown_wool":3,"minecraft:smoker":2,"minecraft:potato":534,"magistuarmory:ceremonialarmet":2,"minecraft:flint":9,"minecraft:tuff":32,"minecraft:lapis_lazuli":272,"minecraft:dirt":1367,"minecraft:lantern":16,"minecraft:leather_boots":2,"minecraft:glass":33,"minecraft:bone":176,"minecraft:bow":7,"minecraft:wheat_seeds":631,"minecraft:raw_gold":66,"minecraft:bell":1,"magistuarmory:kastenbrust_leggings":6,"minecraft:dark_oak_sign":6,"magistuarmory:kastenbrust_chestplate":6,"minecraft:glowstone_dust":11,"minecraft:bamboo":1771,"minecraft:stone_hoe":3,"minecraft:oak_planks":189,"magistuarmory:face_helmet":5,"minecraft:poisonous_potato":4,"minecraft:sand":27,"minecraft:jungle_planks":58,"minecraft:ink_sac":11,"minecraft:dead_bush":2,"minecraft:dark_oak_log":726,"minecraft:chiseled_sandstone":2,"minecraft:mossy_cobblestone":1,"magistuarmory:steel_estoc":2,"minecraft:sugar":122,"minecraft:diamond":113,"minecraft:crossbow":28,"minecraft:granite":25,"minecraft:bone_meal":22,"minecraft:emerald":25,"minecraft:oak_sapling":66,"minecraft:cherry_slab":16,"minecraft:dark_oak_fence":102,"minecraft:oak_leaves":274,"minecraft:diamond_pickaxe":1,"minecraft:charcoal":4,"minecraft:cocoa_beans":33,"minecraft:crafting_table":8,"minecraft:azure_bluet":3,"minecraft:chicken":1,"minecraft:clay_ball":48,"minecraft:leather_leggings":2,"minecraft:wooden_pickaxe":1,"minecraft:pink_wool":1,"minecraft:stone_brick_wall":2,"minecraft:chain":41,"epicfight:iron_tachi":14,"minecraft:cornflower":5,"minecraft:oak_trapdoor":22,"minecraft:red_bed":5,"magistuarmory:ceremonial_chestplate":2,"minecraft:iron_axe":1,"minecraft:wooden_sword":1,"minecraft:flint_and_steel":3,"minecraft:white_carpet":6,"minecraft:beef":87,"magistuarmory:ceremonial_boots":2,"minecraft:oak_boat":1,"magistuarmory:knight_leggings":2,"minecraft:jungle_sapling":1,"minecraft:iron_nugget":115,"minecraft:poppy":13,"minecraft:lectern":1,"minecraft:chest":11,"minecraft:birch_sapling":15,"minecraft:phantom_membrane":3,"minecraft:egg":54,"minecraft:dark_oak_sapling":57,"minecraft:raw_iron":1157,"magistuarmory:steel_target":2,"minecraft:oak_door":3,"magistuarmory:stone_claymore":17,"minecraft:carrot":279,"minecraft:redstone":258,"minecraft:iron_horse_armor":2,"minecraft:dark_oak_planks":449,"minecraft:arrow":344,"magistuarmory:steel_ingot":21,"minecraft:beetroot_seeds":35,"minecraft:pumpkin_pie":9,"minecraft:golden_hoe":1,"minecraft:shears":1,"minecraft:deepslate_bricks":146,"minecraft:hay_block":101,"minecraft:saddle":7,"minecraft:totem_of_undying":7,"minecraft:mutton":47,"minecraft:rail":44,"minecraft:white_wool":60,"minecraft:oxeye_daisy":2,"minecraft:stripped_oak_log":1,"minecraft:glow_ink_sac":4,"minecraft:salmon":6,"minecraft:leather":42,"minecraft:birch_planks":399,"minecraft:oak_log":277,"minecraft:golden_boots":2,"minecraft:gunpowder":146,"minecraft:paper":30,"minecraft:white_banner":39,"minecraft:orange_terracotta":1,"minecraft:coast_armor_trim_smithing_template":4,"minecraft:apple":34,"magistuarmory:kastenbrust_boots":5,"minecraft:iron_ingot":23,"minecraft:stone_pickaxe":14,"minecraft:dark_oak_stairs":96,"minecraft:book":29,"minecraft:scaffolding":207,"minecraft:oak_slab":90,"minecraft:milk_bucket":1,"minecraft:dark_oak_slab":113,"minecraft:pumpkin":23,"epicfight:stone_greatsword":1,"minecraft:stone_brick_slab":24,"minecraft:quartz":12,"minecraft:dandelion":13,"minecraft:light_blue_glazed_terracotta":12,"minecraft:gravel":188,"magistuarmory:longbow":20,"minecraft:birch_stairs":17,"minecraft:amethyst_shard":92,"epicfight:uchigatana":3,"minecraft:white_bed":6,"minecraft:green_carpet":8,"minecraft:spider_eye":56,"epicfight:diamond_tachi":2,"minecraft:stone_axe":21,"minecraft:cherry_sapling":24,"minecraft:gray_wool":2,"minecraft:baked_potato":324,"minecraft:black_wool":4,"minecraft:coal":344,"minecraft:pink_dye":5},"minecraft:broken":{"magistuarmory:kastenbrust_chestplate":1,"magistuarmory:face_helmet":1,"minecraft:stone_pickaxe":9,"minecraft:stone_axe":8,"epicfight:iron_tachi":2,"magistuarmory:kastenbrust_boots":1,"magistuarmory:kastenbrust_leggings":1,"minecraft:iron_axe":1,"minecraft:iron_pickaxe":5,"magistuarmory:iron_katzbalger":1},"minecraft:mined":{"minecraft:dark_oak_planks":69,"minecraft:large_amethyst_bud":2,"minecraft:white_bed":3,"minecraft:oak_sapling":1,"minecraft:cherry_log":28,"minecraft:jungle_leaves":5,"minecraft:potted_cactus":11,"minecraft:potted_dead_bush":2,"minecraft:granite":13,"minecraft:budding_amethyst":5,"minecraft:grass_block":260,"minecraft:jungle_log":33,"minecraft:deepslate_bricks":16,"minecraft:oxeye_daisy":2,"minecraft:spawner":3,"minecraft:tall_seagrass":1,"minecraft:iron_ore":403,"minecraft:cobbled_deepslate":1,"minecraft:pumpkin":12,"minecraft:deepslate_lapis_ore":39,"minecraft:azure_bluet":3,"minecraft:dark_oak_stairs":27,"minecraft:dirt_path":2,"minecraft:oak_stairs":51,"minecraft:deepslate_brick_stairs":1,"minecraft:green_carpet":8,"minecraft:deepslate_redstone_ore":38,"minecraft:red_bed":4,"minecraft:medium_amethyst_bud":2,"minecraft:smoker":2,"minecraft:amethyst_cluster":16,"minecraft:clay":12,"minecraft:torch":17,"minecraft:melon":3,"minecraft:poppy":12,"minecraft:chest":9,"minecraft:dead_bush":3,"minecraft:cobblestone":16,"minecraft:oak_planks":28,"minecraft:wall_torch":32,"minecraft:amethyst_block":1,"minecraft:cherry_slab":12,"minecraft:deepslate_copper_ore":8,"minecraft:chain":47,"minecraft:dark_oak_slab":30,"minecraft:birch_log":104,"minecraft:wheat":162,"minecraft:smooth_stone_slab":4,"minecraft:grass":369,"minecraft:oak_log":256,"minecraft:beetroots":2,"minecraft:dark_oak_sapling":1,"minecraft:sand":21,"minecraft:dirt":343,"minecraft:oak_leaves":275,"minecraft:deepslate":612,"minecraft:tuff":19,"minecraft:deepslate_diamond_ore":57,"minecraft:mossy_cobblestone":1,"minecraft:dark_oak_leaves":14,"minecraft:oak_door":1,"minecraft:cherry_sapling":8,"minecraft:dark_oak_log":465,"minecraft:glow_lichen":1,"minecraft:dark_oak_fence":34,"minecraft:jungle_planks":29,"minecraft:light_blue_glazed_terracotta":12,"minecraft:birch_slab":1,"minecraft:hay_block":35,"minecraft:oak_trapdoor":4,"minecraft:redstone_ore":14,"minecraft:carrots":61,"minecraft:andesite":54,"minecraft:bell":1,"minecraft:polished_deepslate":11,"minecraft:bookshelf":9,"minecraft:potatoes":148,"minecraft:deepslate_iron_ore":157,"minecraft:vine":3,"minecraft:rail":42,"minecraft:lantern":1,"minecraft:stripped_oak_log":1,"minecraft:bamboo_sapling":1,"minecraft:bamboo":99,"minecraft:stone":673,"minecraft:white_wool":20,"minecraft:smithing_table":1,"minecraft:birch_stairs":9,"minecraft:oak_slab":22,"minecraft:scaffolding":64,"minecraft:glass_pane":6,"minecraft:dandelion":10,"minecraft:crafting_table":6,"minecraft:cornflower":4,"minecraft:rose_bush":40,"minecraft:lime_carpet":1,"minecraft:lectern":1,"minecraft:copper_ore":13,"minecraft:tall_grass":13,"minecraft:deepslate_coal_ore":1,"minecraft:lapis_ore":3,"minecraft:deepslate_gold_ore":48,"minecraft:diorite":14,"minecraft:birch_planks":108,"minecraft:sea_pickle":1,"minecraft:white_carpet":8,"minecraft:birch_leaves":4,"minecraft:white_wall_banner":1,"minecraft:coal_ore":252,"minecraft:cocoa":6,"minecraft:flower_pot":10,"minecraft:gravel":64,"minecraft:cherry_leaves":1,"minecraft:gold_ore":13,"minecraft:fern":97},"minecraft:custom":{"minecraft:animals_bred":54,"minecraft:interact_with_crafting_table":176,"minecraft:open_barrel":370,"minecraft:leave_game":12,"minecraft:time_since_death":38711,"minecraft:sprint_one_cm":4964513,"minecraft:drop":855,"minecraft:talked_to_villager":11,"minecraft:play_time":1381826,"minecraft:deaths":30,"minecraft:interact_with_brewingstand":1,"minecraft:jump":14264,"minecraft:walk_on_water_one_cm":151273,"minecraft:enchant_item":6,"minecraft:interact_with_furnace":158,"minecraft:traded_with_villager":3,"minecraft:interact_with_cartography_table":2,"minecraft:sleep_in_bed":42,"minecraft:damage_dealt":137941,"minecraft:crouch_one_cm":157876,"minecraft:interact_with_smoker":45,"minecraft:horse_one_cm":3592300,"minecraft:interact_with_smithing_table":2,"minecraft:inspect_dropper":10,"minecraft:mob_kills":767,"minecraft:climb_one_cm":120533,"minecraft:walk_one_cm":7805098,"minecraft:damage_dealt_absorbed":3270,"minecraft:raid_win":1,"minecraft:sneak_time":26543,"minecraft:walk_under_water_one_cm":171998,"minecraft:boat_one_cm":12203,"minecraft:interact_with_blast_furnace":101,"minecraft:total_world_time":1381826,"minecraft:pot_flower":5,"minecraft:interact_with_stonecutter":7,"minecraft:interact_with_grindstone":2,"minecraft:time_since_rest":38749,"minecraft:damage_taken":20209,"minecraft:swim_one_cm":479657,"minecraft:fly_one_cm":4515043,"minecraft:open_chest":435,"minecraft:fall_one_cm":488203},"minecraft:crafted":{"minecraft:brick":32,"minecraft:black_dye":4,"magistuarmory:kastenbrust_leggings":1,"magistuarmory:stone_claymore":1,"minecraft:oak_planks":788,"minecraft:oak_sign":6,"minecraft:barrel":16,"epicfight:diamond_dagger":1,"minecraft:cherry_slab":30,"magistuarmory:face_helmet":1,"magistuarmory:stone_shortsword":1,"minecraft:cooked_chicken":2,"minecraft:birch_slab":24,"minecraft:stone":31,"minecraft:pink_carpet":3,"minecraft:cooked_mutton":8,"minecraft:deepslate_brick_stairs":2,"minecraft:bamboo_block":97,"minecraft:glass":79,"minecraft:stone_brick_slab":12,"minecraft:bow":2,"magistuarmory:iron_katzbalger":1,"minecraft:chest":22,"minecraft:copper_block":1,"magistuarmory:small_steel_plate":16,"minecraft:black_wool":4,"minecraft:stone_hoe":1,"minecraft:oak_fence":27,"minecraft:cooked_rabbit":1,"minecraft:flower_pot":7,"minecraft:smoker":2,"magistuarmory:steel_nugget":54,"minecraft:oak_slab":42,"minecraft:arrow":28,"magistuarmory:shishak":1,"minecraft:cooked_porkchop":16,"minecraft:crafting_table":7,"magistuarmory:gazelle_horns_decoration":1,"minecraft:wooden_pickaxe":1,"minecraft:baked_potato":133,"minecraft:copper_ingot":72,"minecraft:gold_block":1,"minecraft:birch_planks":416,"magistuarmory:halfarmor_chestplate":2,"minecraft:dark_oak_slab":120,"minecraft:pink_wool":3,"minecraft:charcoal":8,"minecraft:diamond_pickaxe":1,"minecraft:stick":124,"magistuarmory:diamond_katzbalger":1,"minecraft:iron_ingot":602,"minecraft:iron_pickaxe":10,"minecraft:iron_block":30,"magistuarmory:steel_chainmail":3,"minecraft:gold_ingot":37,"minecraft:black_bed":2,"epicfight:diamond_tachi":2,"minecraft:birch_stairs":36,"minecraft:deepslate_bricks":64,"minecraft:shears":1,"minecraft:cherry_planks":32,"minecraft:stone_shovel":1,"minecraft:stone_brick_wall":2,"minecraft:iron_nugget":342,"minecraft:furnace":8,"minecraft:dark_oak_trapdoor":6,"minecraft:dark_oak_sign":3,"minecraft:cherry_sapling":2,"magistuarmory:kastenbrust_chestplate":1,"minecraft:bone_meal":66,"magistuarmory:longbow":2,"minecraft:pink_dye":8,"magistuarmory:kastenbrust_boots":1,"minecraft:white_carpet":9,"minecraft:oak_trapdoor":24,"minecraft:glass_pane":80,"minecraft:scaffolding":96,"magistuarmory:hilt":5,"minecraft:cherry_trapdoor":4,"minecraft:lantern":24,"minecraft:polished_deepslate":64,"minecraft:iron_axe":2,"minecraft:ladder":15,"magistuarmory:steel_ingot":50,"minecraft:stone_pickaxe":9,"minecraft:redstone_block":20,"minecraft:dark_oak_planks":1092,"magistuarmory:steel_ring":32,"magistuarmory:steel_plate":26,"minecraft:cooked_beef":30,"minecraft:sugar":55,"minecraft:red_dye":4,"minecraft:crossbow":5,"minecraft:diamond_sword":2,"minecraft:dark_oak_stairs":96,"minecraft:iron_sword":2,"magistuarmory:knight_chestplate":1,"minecraft:bucket":1,"minecraft:stone_axe":9,"minecraft:jungle_planks":84,"minecraft:bread":4,"minecraft:air":0,"epicfight:iron_tachi":2,"minecraft:jungle_door":3,"minecraft:white_dye":4,"minecraft:oak_stairs":96,"minecraft:white_bed":3,"minecraft:pumpkin_pie":17,"minecraft:torch":80,"minecraft:lapis_lazuli":18,"minecraft:lapis_block":26}},"DataVersion":3465}