{"stats":{"minecraft:dropped":{"minecraft:baked_potato":134,"magistuarmory:steel_estoc":1,"minecraft:ender_pearl":3,"magistuarmory:ceremonial_boots":1,"minecraft:crossbow":2,"magistuarmory:steel_target":1,"minecraft:leather":12,"minecraft:jungle_planks":5,"minecraft:cobblestone_stairs":3,"minecraft:flint":2,"magistuarmory:longbow":3,"minecraft:dirt":4,"minecraft:gold_nugget":19,"minecraft:bone_meal":1,"minecraft:phantom_membrane":2,"minecraft:sand":30,"minecraft:iron_pickaxe":2,"minecraft:white_wool":1,"minecraft:bone":30,"minecraft:armor_stand":1,"minecraft:gravel":18,"minecraft:stone_axe":2,"minecraft:blackstone":28,"minecraft:sugar_cane":512,"minecraft:cobbled_deepslate":1,"minecraft:rotten_flesh":38,"minecraft:carrot":83,"minecraft:gunpowder":5,"epicfight:glove":1,"magistuarmory:steel_zweihander":1,"minecraft:basalt":1,"minecraft:arrow":1,"minecraft:netherrack":54,"minecraft:egg":37,"minecraft:water_bucket":1,"minecraft:iron_ingot":5,"minecraft:bread":10,"minecraft:wheat_seeds":45,"minecraft:prismarine_crystals":4,"minecraft:lead":3,"magistuarmory:ceremonialarmet":1,"magistuarmory:steel_ingot":21,"epicfight:stone_greatsword":1,"minecraft:golden_hoe":1,"minecraft:white_banner":2,"minecraft:string":15,"magistuarmory:steel_concavehalberd":2,"minecraft:redstone":8,"minecraft:chiseled_sandstone":2,"minecraft:dandelion":1,"minecraft:smooth_basalt":4,"minecraft:kelp":1,"magistuarmory:knight_leggings":1,"epicfight:uchigatana":1,"minecraft:stone_sword":8,"magistuarmory:cuirassier_boots":1,"minecraft:suspicious_stew":1,"minecraft:deepslate_bricks":19,"minecraft:filled_map":2,"minecraft:potato":4,"minecraft:diamond_pickaxe":1,"minecraft:andesite":6,"magistuarmory:ceremonial_chestplate":1,"minecraft:oak_boat":1,"minecraft:spider_eye":6,"minecraft:sandstone":26,"minecraft:bow":2,"minecraft:raw_gold":1,"minecraft:calcite":3,"epicfight:skillbook":13},"minecraft:killed_by":{"minecraft:creeper":3,"minecraft:pillager":2,"minecraft:vindicator":1,"minecraft:zombie":1,"minecraft:vex":3,"minecraft:enderman":1},"minecraft:crafted":{"minecraft:black_dye":4,"minecraft:grindstone":1,"minecraft:smooth_stone":6,"minecraft:oak_planks":288,"minecraft:jungle_fence_gate":8,"minecraft:cobblestone_slab":114,"minecraft:oak_sign":6,"minecraft:barrel":9,"magistuarmory:ceremonialarmet":2,"minecraft:dark_oak_boat":1,"magistuarmory:steel_ellipticalshield":2,"minecraft:blaze_powder":12,"minecraft:cooked_chicken":4,"minecraft:lightning_rod":1,"minecraft:loom":1,"minecraft:stone":55,"minecraft:bookshelf":11,"minecraft:light_blue_banner":8,"minecraft:cooked_mutton":27,"minecraft:bamboo_block":36,"minecraft:glass":206,"minecraft:hopper":2,"minecraft:bow":4,"magistuarmory:steel_shortsword":1,"minecraft:melon_seeds":11,"magistuarmory:wood_ellipticalshield":1,"minecraft:chest":1,"minecraft:oak_button":2,"minecraft:copper_block":7,"magistuarmory:pole":1,"magistuarmory:small_steel_plate":8,"minecraft:dried_kelp_block":39,"minecraft:stone_hoe":3,"minecraft:stone_bricks":48,"minecraft:smoker":2,"magistuarmory:crusader_boots":1,"magistuarmory:steel_nugget":90,"minecraft:glass_bottle":18,"minecraft:dropper":1,"minecraft:item_frame":1,"minecraft:oak_slab":72,"minecraft:cauldron":1,"minecraft:cooked_porkchop":19,"minecraft:crafting_table":7,"minecraft:wooden_pickaxe":1,"minecraft:baked_potato":467,"magistuarmory:steel_estoc":1,"magistuarmory:ceremonial_chestplate":2,"magistuarmory:steel_concavehalberd":1,"minecraft:smithing_table":1,"magistuarmory:bullhorns_decoration":1,"minecraft:clock":1,"magistuarmory:crusader_leggings":1,"minecraft:copper_ingot":8,"minecraft:gold_block":14,"minecraft:hay_block":15,"minecraft:polished_deepslate_slab":56,"magistuarmory:halfarmor_chestplate":1,"minecraft:lectern":2,"minecraft:book":33,"minecraft:paper":54,"minecraft:diamond_pickaxe":2,"minecraft:shield":1,"minecraft:stone_slab":2,"minecraft:stick":224,"minecraft:light_blue_dye":26,"minecraft:iron_ingot":111,"minecraft:iron_pickaxe":8,"minecraft:iron_block":16,"magistuarmory:steel_chainmail":12,"minecraft:gold_ingot":116,"minecraft:sandstone":14,"minecraft:composter":5,"minecraft:deepslate_tile_slab":18,"magistuarmory:leather_strip":12,"minecraft:polished_andesite":64,"minecraft:oak_door":3,"magistuarmory:stone_heatershield":1,"minecraft:stone_shovel":4,"minecraft:fishing_rod":1,"minecraft:smooth_stone_slab":6,"minecraft:spyglass":1,"minecraft:polished_deepslate_stairs":2,"magistuarmory:knight_boots":2,"magistuarmory:lily_decoration":1,"magistuarmory:wood_heatershield":1,"minecraft:furnace":6,"minecraft:blast_furnace":1,"minecraft:bone_meal":48,"magistuarmory:longbow":2,"epicfight:glove":1,"minecraft:oak_trapdoor":6,"minecraft:flint_and_steel":1,"magistuarmory:hilt":5,"minecraft:polished_deepslate":528,"magistuarmory:knight_leggings":2,"minecraft:iron_axe":2,"magistuarmory:steel_ingot":108,"minecraft:stone_pickaxe":8,"minecraft:redstone_block":28,"magistuarmory:woolen_fabric":8,"magistuarmory:barbute":2,"minecraft:jungle_fence":81,"minecraft:dark_oak_planks":32,"magistuarmory:steel_ring":120,"magistuarmory:gilding_template":6,"magistuarmory:steel_plate":38,"minecraft:minecart":1,"minecraft:wheat":18,"minecraft:cooked_beef":79,"minecraft:coal_block":16,"minecraft:cooked_cod":2,"minecraft:crossbow":11,"minecraft:skull_banner_pattern":1,"minecraft:enchanting_table":1,"minecraft:dried_kelp":318,"magistuarmory:platemail_chestplate":1,"minecraft:light_blue_wool":24,"minecraft:blue_bed":1,"minecraft:cooked_salmon":4,"magistuarmory:knight_chestplate":1,"magistuarmory:greathelm":1,"minecraft:bucket":1,"epicfight:stone_greatsword":4,"minecraft:stone_axe":4,"minecraft:amethyst_block":4,"minecraft:bread":42,"minecraft:air":0,"minecraft:jungle_planks":212,"minecraft:blue_dye":29,"magistuarmory:ceremonial_boots":2,"minecraft:oak_boat":2,"minecraft:white_wool":15,"minecraft:white_dye":15,"minecraft:blue_wool":6,"minecraft:iron_shovel":2,"minecraft:deepslate_tile_stairs":3,"minecraft:armor_stand":4,"minecraft:anvil":1,"magistuarmory:armet":2,"magistuarmory:crusader_chestplate":1,"minecraft:torch":184,"minecraft:lapis_lazuli":135,"minecraft:lapis_block":14},"minecraft:killed":{"minecraft:zombified_piglin":1,"minecraft:witch":5,"minecraft:spider":109,"minecraft:cod":6,"minecraft:skeleton":108,"minecraft:chicken":10,"minecraft:magma_cube":279,"minecraft:piglin":17,"minecraft:pig":12,"minecraft:zombie_villager":4,"minecraft:salmon":25,"minecraft:creeper":115,"minecraft:sheep":4,"minecraft:trader_llama":8,"minecraft:pillager":165,"minecraft:zombie":238,"minecraft:ghast":8,"minecraft:blaze":58,"minecraft:cow":23,"minecraft:evoker":3,"minecraft:vindicator":18,"minecraft:phantom":5,"minecraft:drowned":6,"minecraft:husk":65,"minecraft:rabbit":1,"minecraft:ravager":5,"minecraft:hoglin":6,"minecraft:squid":2,"minecraft:wither_skeleton":50,"minecraft:villager":1,"minecraft:enderman":17},"minecraft:custom":{"minecraft:animals_bred":194,"minecraft:interact_with_crafting_table":230,"minecraft:open_barrel":776,"minecraft:bell_ring":17,"minecraft:leave_game":12,"minecraft:time_since_death":735883,"minecraft:sprint_one_cm":7300635,"minecraft:damage_blocked_by_shield":390,"minecraft:drop":179,"minecraft:talked_to_villager":21,"minecraft:play_time":1818791,"minecraft:deaths":11,"minecraft:jump":15149,"minecraft:interact_with_brewingstand":9,"minecraft:walk_on_water_one_cm":217928,"minecraft:enchant_item":17,"minecraft:interact_with_furnace":137,"minecraft:traded_with_villager":2,"minecraft:interact_with_cartography_table":2,"minecraft:interact_with_loom":6,"minecraft:sleep_in_bed":39,"minecraft:damage_dealt":187715,"minecraft:player_kills":4,"minecraft:crouch_one_cm":206362,"minecraft:interact_with_smoker":152,"minecraft:horse_one_cm":3646508,"minecraft:interact_with_smithing_table":7,"minecraft:inspect_dropper":15,"minecraft:mob_kills":1387,"minecraft:inspect_hopper":1,"minecraft:climb_one_cm":43693,"minecraft:walk_one_cm":12709022,"minecraft:damage_dealt_absorbed":16899,"minecraft:raid_win":2,"minecraft:sneak_time":46167,"minecraft:walk_under_water_one_cm":190542,"minecraft:boat_one_cm":172290,"minecraft:interact_with_blast_furnace":90,"minecraft:total_world_time":1818791,"minecraft:raid_trigger":2,"minecraft:interact_with_stonecutter":18,"minecraft:interact_with_grindstone":12,"minecraft:time_since_rest":287755,"minecraft:damage_absorbed":80,"minecraft:damage_taken":18521,"minecraft:swim_one_cm":359684,"minecraft:fly_one_cm":5426665,"minecraft:open_chest":437,"minecraft:fish_caught":4,"minecraft:fall_one_cm":345616},"minecraft:picked_up":{"minecraft:wheat":343,"minecraft:anvil":1,"minecraft:suspicious_stew":1,"minecraft:smithing_table":29,"minecraft:lead":34,"minecraft:potion":6,"magistuarmory:barding":1,"minecraft:brewing_stand":1,"minecraft:amethyst_block":21,"minecraft:polished_deepslate":18,"minecraft:string":115,"minecraft:raw_copper":14,"minecraft:cooked_salmon":2,"minecraft:gold_nugget":561,"minecraft:cobbled_deepslate":656,"minecraft:cobblestone_slab":2,"minecraft:calcite":3,"minecraft:iron_pickaxe":4,"minecraft:melon_slice":170,"minecraft:furnace":3,"magistuarmory:crusader_leggings":1,"minecraft:golden_helmet":1,"minecraft:stick":121,"minecraft:jungle_door":2,"minecraft:composter":17,"minecraft:polished_deepslate_stairs":1,"minecraft:torch":137,"minecraft:green_bed":5,"epicfight:skillbook":40,"minecraft:porkchop":108,"minecraft:golden_axe":1,"minecraft:cherry_log":5,"minecraft:stone_sword":8,"minecraft:cactus":18,"minecraft:rotten_flesh":513,"magistuarmory:stone_heatershield":1,"minecraft:blaze_rod":98,"minecraft:deepslate_brick_stairs":6,"minecraft:obsidian":10,"minecraft:cod":6,"minecraft:cobblestone":883,"minecraft:andesite":28,"minecraft:water_bucket":5,"magistuarmory:steel_ring":5,"minecraft:magma_block":32,"minecraft:feather":21,"minecraft:cooked_beef":21,"minecraft:magma_cream":118,"minecraft:jungle_log":52,"minecraft:dark_oak_boat":10,"minecraft:smoker":2,"minecraft:potato":991,"minecraft:flint":5,"minecraft:tuff":24,"minecraft:wither_skeleton_skull":1,"minecraft:lapis_lazuli":160,"minecraft:dirt":1353,"minecraft:bone":273,"minecraft:stonecutter":6,"minecraft:bow":17,"minecraft:wheat_seeds":1070,"minecraft:raw_gold":40,"minecraft:bamboo":444,"minecraft:rabbit":1,"minecraft:glowstone_dust":10,"minecraft:stone_hoe":1,"minecraft:oak_planks":116,"minecraft:ghast_tear":1,"minecraft:cooked_porkchop":24,"minecraft:poisonous_potato":8,"minecraft:sand":684,"minecraft:jungle_planks":190,"minecraft:ink_sac":4,"minecraft:grass_block":3,"minecraft:cyan_bed":2,"minecraft:chiseled_sandstone":5,"minecraft:dark_oak_log":8,"minecraft:barrel":3,"magistuarmory:crusader_chestplate":3,"magistuarmory:steel_estoc":3,"minecraft:sugar":10,"magistuarmory:greathelm":2,"minecraft:diamond":7,"minecraft:crossbow":22,"minecraft:granite":17,"minecraft:bone_meal":12,"minecraft:golden_apple":1,"minecraft:chainmail_helmet":1,"minecraft:golden_horse_armor":1,"minecraft:emerald":36,"minecraft:oak_sapling":77,"minecraft:netherrack":338,"minecraft:diamond_pickaxe":3,"minecraft:cocoa_beans":39,"minecraft:crafting_table":12,"minecraft:azure_bluet":2,"minecraft:chicken":18,"minecraft:nether_wart":73,"minecraft:golden_pickaxe":1,"minecraft:leather_leggings":1,"minecraft:wooden_pickaxe":1,"minecraft:gold_block":2,"minecraft:diamond_horse_armor":1,"minecraft:shield":3,"minecraft:cornflower":2,"minecraft:oak_trapdoor":1,"minecraft:iron_axe":4,"minecraft:flint_and_steel":2,"minecraft:blackstone":35,"minecraft:cartography_table":1,"minecraft:beef":107,"magistuarmory:crusader_boots":1,"minecraft:oak_boat":41,"minecraft:jungle_sapling":7,"minecraft:poppy":3,"minecraft:sugar_cane":2139,"minecraft:chest":22,"minecraft:egg":62,"minecraft:phantom_membrane":6,"minecraft:raw_iron":163,"minecraft:sandstone":203,"magistuarmory:steel_target":1,"minecraft:oak_door":6,"minecraft:jungle_fence_gate":2,"minecraft:carrot":736,"minecraft:redstone":309,"minecraft:iron_horse_armor":2,"minecraft:stone_pressure_plate":2,"minecraft:dark_oak_planks":160,"magistuarmory:cuirassier_boots":1,"minecraft:tnt":27,"minecraft:arrow":256,"minecraft:stone_shovel":1,"magistuarmory:steel_ingot":22,"minecraft:cooked_cod":2,"magistuarmory:steel_plate":1,"minecraft:pumpkin_pie":17,"minecraft:deepslate_bricks":19,"magistuarmory:steel_zweihander":1,"minecraft:hay_block":47,"minecraft:gold_ingot":10,"minecraft:saddle":18,"minecraft:totem_of_undying":3,"minecraft:mutton":23,"minecraft:white_wool":4,"minecraft:bone_block":69,"minecraft:oxeye_daisy":3,"minecraft:basalt":494,"minecraft:salmon":25,"minecraft:leather":52,"minecraft:cut_sandstone":8,"minecraft:jungle_fence":3,"minecraft:filled_map":1,"magistuarmory:small_steel_plate":5,"minecraft:oak_log":104,"minecraft:chainmail_chestplate":2,"minecraft:yellow_bed":2,"minecraft:gunpowder":210,"minecraft:cobblestone_stairs":12,"minecraft:blue_bed":3,"minecraft:white_banner":39,"minecraft:orange_terracotta":1,"minecraft:coast_armor_trim_smithing_template":2,"minecraft:light_blue_banner":4,"minecraft:apple":5,"minecraft:kelp":626,"minecraft:heart_of_the_sea":1,"minecraft:iron_ingot":186,"minecraft:stone_pickaxe":10,"minecraft:glass_bottle":3,"minecraft:soul_sand":65,"minecraft:iron_sword":1,"minecraft:oak_slab":2,"minecraft:smooth_basalt":4,"minecraft:pumpkin":139,"epicfight:stone_greatsword":12,"minecraft:quartz":64,"minecraft:dandelion":7,"minecraft:spyglass":3,"magistuarmory:knight_chestplate":1,"minecraft:gravel":58,"magistuarmory:longbow":11,"minecraft:amethyst_shard":52,"epicfight:uchigatana":6,"minecraft:blast_furnace":3,"minecraft:white_bed":13,"minecraft:green_carpet":5,"minecraft:spider_eye":52,"minecraft:stripped_jungle_log":1,"minecraft:stone_axe":10,"minecraft:baked_potato":216,"magistuarmory:steel_concavehalberd":6,"minecraft:coal":749,"magistuarmory:steel_nugget":25,"minecraft:ender_pearl":21},"minecraft:broken":{"magistuarmory:greathelm":1,"minecraft:iron_shovel":2,"minecraft:stone_pickaxe":5,"minecraft:stone_axe":1,"magistuarmory:crusader_chestplate":1,"minecraft:stone_shovel":2,"magistuarmory:steel_estoc":1,"minecraft:stone_hoe":2,"minecraft:iron_axe":1,"minecraft:iron_pickaxe":6,"epicfight:stone_greatsword":2},"minecraft:used":{"minecraft:light_blue_banner":8,"minecraft:polished_deepslate":235,"minecraft:iron_shovel":500,"minecraft:oak_sign":6,"minecraft:poppy":3,"minecraft:bone_block":25,"minecraft:shield":2,"minecraft:chest":7,"minecraft:nether_wart":45,"minecraft:rotten_flesh":57,"minecraft:soul_sand":29,"minecraft:cocoa_beans":11,"minecraft:carrot":376,"minecraft:deepslate_tile_slab":18,"minecraft:tuff":17,"minecraft:azure_bluet":2,"minecraft:polished_deepslate_stairs":3,"minecraft:milk_bucket":2,"minecraft:glass":188,"minecraft:jungle_sapling":1,"minecraft:lava_bucket":5,"minecraft:jungle_fence_gate":10,"magistuarmory:steel_concavehalberd":99,"minecraft:polished_andesite_stairs":17,"minecraft:stone_bricks":48,"minecraft:item_frame":1,"minecraft:oak_sapling":66,"minecraft:dark_oak_boat":10,"minecraft:hay_block":1,"minecraft:furnace":6,"minecraft:cooked_cod":2,"minecraft:egg":1,"minecraft:potato":511,"epicfight:skillbook":34,"minecraft:leather_leggings":1,"minecraft:oak_planks":12,"minecraft:dropper":1,"minecraft:stone_pickaxe":851,"minecraft:jungle_fence":82,"minecraft:blackstone":7,"minecraft:wooden_pickaxe":8,"minecraft:sandstone":10,"minecraft:composter":21,"minecraft:sugar_cane":310,"minecraft:blue_bed":4,"magistuarmory:ceremonial_chestplate":1,"minecraft:sand":293,"minecraft:loom":1,"minecraft:blast_furnace":4,"minecraft:crossbow":2,"magistuarmory:longbow":147,"minecraft:deepslate_brick_stairs":136,"minecraft:lightning_rod":1,"minecraft:chiseled_sandstone":3,"minecraft:melon_slice":71,"minecraft:string":1,"minecraft:bread":16,"minecraft:cyan_bed":2,"minecraft:gravel":17,"minecraft:grindstone":1,"minecraft:smithing_table":30,"minecraft:andesite":2,"minecraft:smooth_stone_slab":1,"minecraft:oak_boat":38,"minecraft:bone_meal":38,"minecraft:oak_trapdoor":7,"minecraft:enchanting_table":1,"minecraft:flint_and_steel":3,"minecraft:armor_stand":3,"minecraft:stone_shovel":345,"minecraft:stone_hoe":411,"minecraft:cooked_chicken":2,"minecraft:netherrack":287,"minecraft:oak_door":8,"minecraft:torch":231,"minecraft:brewing_stand":1,"minecraft:dirt":1089,"minecraft:spyglass":35,"minecraft:anvil":2,"minecraft:hopper":1,"magistuarmory:stone_heatershield":1,"magistuarmory:greathelm":1,"minecraft:salmon_bucket":1,"minecraft:granite":13,"minecraft:dark_oak_planks":14,"minecraft:bookshelf":9,"minecraft:iron_axe":143,"epicfight:glove":11,"minecraft:bamboo":29,"minecraft:barrel":12,"epicfight:stone_greatsword":400,"minecraft:totem_of_undying":2,"minecraft:melon_seeds":4,"minecraft:basalt":493,"minecraft:beef":2,"magistuarmory:crusader_leggings":1,"minecraft:deepslate_tile_stairs":3,"minecraft:orange_terracotta":1,"minecraft:cooked_beef":55,"minecraft:cobbled_deepslate":15,"minecraft:stone_pressure_plate":2,"minecraft:wheat_seeds":770,"minecraft:cooked_mutton":4,"minecraft:water_bucket":117,"magistuarmory:steel_estoc":444,"minecraft:amethyst_block":26,"minecraft:cobblestone_stairs":21,"magistuarmory:steel_ellipticalshield":2,"minecraft:glass_bottle":9,"minecraft:polished_andesite":47,"minecraft:baked_potato":214,"minecraft:cartography_table":1,"minecraft:cut_sandstone":3,"minecraft:green_bed":5,"minecraft:cobblestone_slab":116,"magistuarmory:ceremonial_boots":1,"minecraft:stonecutter":6,"minecraft:polished_deepslate_slab":170,"minecraft:crafting_table":16,"minecraft:oak_slab":8,"minecraft:white_bed":12,"minecraft:smoker":4,"minecraft:oak_log":9,"minecraft:diamond_pickaxe":59,"minecraft:oxeye_daisy":3,"minecraft:iron_pickaxe":2564,"minecraft:oak_button":2,"minecraft:suspicious_stew":1,"minecraft:leather_helmet":1,"minecraft:stone_axe":280,"minecraft:green_carpet":3,"minecraft:fishing_rod":4,"minecraft:cobblestone":177,"minecraft:potion":1,"minecraft:white_banner":7,"minecraft:cooked_porkchop":16,"minecraft:jungle_door":2,"magistuarmory:knight_chestplate":1,"minecraft:bucket":124,"minecraft:pumpkin_pie":9,"minecraft:yellow_bed":2,"minecraft:dandelion":7,"minecraft:kelp":29,"epicfight:uchigatana":1544},"minecraft:mined":{"minecraft:dark_oak_planks":4,"minecraft:large_amethyst_bud":1,"minecraft:white_bed":13,"minecraft:stone_pressure_plate":2,"minecraft:oak_sapling":5,"minecraft:farmland":6,"minecraft:cobblestone_stairs":8,"minecraft:jungle_leaves":6,"minecraft:brewing_stand":1,"minecraft:obsidian":4,"minecraft:granite":22,"minecraft:grass_block":453,"minecraft:jungle_log":51,"minecraft:composter":17,"minecraft:oxeye_daisy":2,"minecraft:nether_wart":32,"minecraft:tall_seagrass":1,"minecraft:magma_block":32,"minecraft:iron_ore":39,"minecraft:barrel":3,"minecraft:fire":84,"minecraft:cobbled_deepslate":3,"minecraft:pumpkin":25,"minecraft:anvil":1,"minecraft:deepslate_lapis_ore":16,"minecraft:azure_bluet":2,"minecraft:deepslate_brick_stairs":6,"minecraft:green_carpet":3,"minecraft:cut_sandstone":8,"minecraft:green_bed":5,"minecraft:deepslate_redstone_ore":50,"minecraft:blackstone":35,"minecraft:polished_deepslate_stairs":1,"minecraft:kelp_plant":94,"minecraft:crimson_nylium":26,"minecraft:smoker":2,"minecraft:amethyst_cluster":13,"minecraft:orange_terracotta":2,"minecraft:torch":28,"minecraft:blast_furnace":3,"minecraft:calcite":3,"minecraft:poppy":2,"minecraft:melon":23,"minecraft:chest":19,"minecraft:dead_bush":4,"minecraft:glass":4,"minecraft:nether_quartz_ore":70,"minecraft:cobblestone":76,"minecraft:oak_planks":40,"minecraft:sugar_cane":654,"minecraft:cyan_bed":2,"minecraft:light_blue_banner":4,"minecraft:wall_torch":26,"minecraft:amethyst_block":21,"minecraft:wheat":360,"minecraft:tnt":18,"minecraft:grass":313,"minecraft:oak_log":104,"minecraft:sand":595,"minecraft:dirt":497,"minecraft:smooth_basalt":3,"minecraft:stonecutter":6,"minecraft:netherrack":482,"minecraft:deepslate":575,"minecraft:oak_leaves":134,"minecraft:nether_gold_ore":145,"minecraft:tuff":24,"minecraft:deepslate_diamond_ore":7,"minecraft:oak_door":1,"minecraft:dark_oak_log":8,"minecraft:glow_lichen":1,"minecraft:jungle_planks":60,"minecraft:kelp":13,"minecraft:cartography_table":1,"minecraft:sandstone":174,"minecraft:hay_block":47,"minecraft:redstone_ore":1,"minecraft:oak_trapdoor":1,"minecraft:furnace":2,"minecraft:carrots":216,"minecraft:chiseled_sandstone":3,"minecraft:andesite":29,"minecraft:gold_block":2,"minecraft:polished_deepslate":18,"minecraft:cobblestone_slab":2,"minecraft:deepslate_iron_ore":53,"minecraft:potatoes":261,"minecraft:vine":11,"minecraft:stripped_jungle_log":1,"minecraft:bamboo":36,"minecraft:stone":642,"minecraft:bone_block":69,"minecraft:jungle_fence_gate":2,"minecraft:smithing_table":29,"minecraft:oak_slab":2,"minecraft:soul_sand":65,"minecraft:basalt":509,"minecraft:dandelion":7,"minecraft:crafting_table":10,"minecraft:cornflower":2,"minecraft:rose_bush":1,"minecraft:copper_ore":6,"minecraft:tall_grass":15,"minecraft:deepslate_coal_ore":3,"minecraft:lapis_ore":4,"minecraft:deepslate_gold_ore":33,"minecraft:diorite":1,"minecraft:blue_bed":3,"minecraft:cactus":6,"minecraft:jungle_fence":3,"minecraft:white_wall_banner":4,"minecraft:yellow_bed":2,"minecraft:coal_ore":236,"minecraft:cocoa":5,"minecraft:gravel":37,"minecraft:fern":48}},"DataVersion":3465}